{
  "Pop": 117665.66825651277,
  "ForeignBorn": 77256.28225651276,
  "sForeignBorn": 0.6565745421008701,
  "Access": 0.9620756598312445,
  "LE": 85.72006071926238,
  "WLB": 0.8,
  "GDPpc": 79446.99228763524,
  "Income": 110198.76620364739,
  "Salary": 5110.008621168299,
  "BusinessFormation": 2354.310171304006,
  "B": 15019.668568774705,
  "HPrice": 2763.2184787398182,
  "HPrice_prev": 2712.3075698641646,
  "Afford": 30.089830301367137,
  "GDPpc_prev": 77983.23099612983,
  "GDPpc_prev2": 76519.46970462441,
  "NatCov": 0.9022141715184696,
  "CO2pc": 8.978823842323939,
  "CO2_total": 1056499.307564556,
  "Ren": 0.98,
  "AQI": 12.596352406893564,
  "Water": 59949.249730369105,
  "Temp": 9.02259696051745,
  "Tour": 12642711.413821246,
  "GDP": 9348183438.494616,
  "Marriages": 693,
  "Divorces": 133,
  "FamilyStability": 0.1919191919191919,
  "Emp": 0.98,
  "Divorces_annual_avg": 98.2,
  "ElectricityPerCapita_kWh_year": 3000.0,
  "ElectricityDemand_kWh_year": 352997004.7695383,
  "ElectricityCapacity_kW": 80592.9234633649,
  "ElectricityRenewable_kW": 70921.77264776111,
  "ElectricityFossil_kW": 9671.150815603787,
  "WaterPerCapita_L_day": 150,
  "WaterHousehold_m3_year": 6442195.337044075,
  "WaterTotal_m3_year": 53684961.142033964,
  "WaterSecurityIndex": 0.18627190533943133,
  "HospitalBaselineBeds": 217.7425,
  "HospitalRequiredBeds": 294.16417064128194,
  "HospitalDeltaBeds": 76.42167064128193,
  "SchoolStudents": 15210.601500626626,
  "SchoolClassrooms": 608.424060025065,
  "SchoolSchools": 30.421203001253254,
  "RoadTotalLength_km": 269,
  "RoadPerCapita_m": 2.286138378219009,
  "Year": 2049
}