{
  "Pop": 73171.90564315725,
  "ForeignBorn": 32762.519643157248,
  "sForeignBorn": 0.44774725156035444,
  "Access": 0.9115784721201307,
  "LE": 84.05067899699822,
  "WLB": 0.7611381859376825,
  "GDPpc": 29368.826115602093,
  "Income": 40686.774406167875,
  "Salary": 1883.7976550055728,
  "BusinessFormation": 1123.0507811091818,
  "B": 8794.706583740577,
  "HPrice": 1014.4422089990294,
  "HPrice_prev": 1033.0729450733634,
  "Afford": 29.919566457799498,
  "GDPpc_prev": 29908.19147097801,
  "GDPpc_prev2": 30447.556826353924,
  "NatCov": 0.9427419010209757,
  "CO2pc": 3.8697969956589153,
  "CO2_total": 283160.42062452756,
  "Ren": 0.9137106473424058,
  "AQI": 7.0,
  "Water": 32039.553547723874,
  "Temp": 7.000151057870528,
  "Tour": 8184773.024472299,
  "GDP": 2148972973.381129,
  "Marriages": 345,
  "Divorces": 82,
  "FamilyStability": 0.23768115942028986,
  "Emp": 0.98,
  "Divorces_annual_avg": 98.2,
  "ElectricityPerCapita_kWh_year": 3000.0,
  "ElectricityDemand_kWh_year": 219515716.92947176,
  "ElectricityCapacity_kW": 50117.7435912036,
  "ElectricityRenewable_kW": 44103.61436025917,
  "ElectricityFossil_kW": 6014.129230944432,
  "WaterPerCapita_L_day": 150,
  "WaterHousehold_m3_year": 4006161.8339628596,
  "WaterTotal_m3_year": 33384681.9496905,
  "WaterSecurityIndex": 0.29953857326152267,
  "HospitalBaselineBeds": 217.7425,
  "HospitalRequiredBeds": 182.92976410789313,
  "HospitalDeltaBeds": -34.81273589210687,
  "SchoolStudents": 9458.90771939685,
  "SchoolClassrooms": 378.35630877587397,
  "SchoolSchools": 18.9178154387937,
  "RoadTotalLength_km": 269,
  "RoadPerCapita_m": 3.676274351960325,
  "Year": 2049
}