{
  "Pop": 104914.3771808165,
  "ForeignBorn": 64945.4763808165,
  "sForeignBorn": 0.6190331404139692,
  "Access": 0.9748659174522131,
  "LE": 86.35660179407542,
  "WLB": 0.8,
  "GDPpc": 89724.58186835493,
  "Income": 124493.11326894104,
  "Salary": 5775.079908154589,
  "BusinessFormation": 2154.1399034411165,
  "B": 10645.0,
  "HPrice": 3126.113004659926,
  "HPrice_prev": 3060.7901255232987,
  "Afford": 30.13287648681372,
  "GDPpc_prev": 87849.71699362074,
  "GDPpc_prev2": 85974.85211888654,
  "NatCov": 0.9306955317010162,
  "CO2pc": 10.620652372349875,
  "CO2_total": 1114259.1288990483,
  "Ren": 0.98,
  "AQI": 12.419807339200869,
  "Water": 58496.292241368516,
  "Temp": 9.341060132931025,
  "Tour": 11051174.332112012,
  "GDP": 9413398624.52764,
  "Marriages": 643,
  "Divorces": 118,
  "FamilyStability": 0.18351477449455678,
  "Emp": 0.98,
  "Divorces_annual_avg": 98.2,
  "ElectricityPerCapita_kWh_year": 3000.0,
  "ElectricityDemand_kWh_year": 314743131.54244953,
  "ElectricityCapacity_kW": 71859.16245261405,
  "ElectricityRenewable_kW": 64673.24620735265,
  "ElectricityFossil_kW": 7185.916245261404,
  "WaterPerCapita_L_day": 150,
  "WaterHousehold_m3_year": 5744062.150649704,
  "WaterTotal_m3_year": 47867184.58874754,
  "WaterSecurityIndex": 0.2089113885831248,
  "HospitalBaselineBeds": 217.7425,
  "HospitalRequiredBeds": 262.28594295204124,
  "HospitalDeltaBeds": 44.54344295204123,
  "SchoolStudents": 13562.246376784653,
  "SchoolClassrooms": 542.4898550713862,
  "SchoolSchools": 27.124492753569307,
  "RoadTotalLength_km": 269,
  "RoadPerCapita_m": 2.563995586004264,
  "Year": 2049
}