{
  "Pop": 179021.4967879581,
  "ForeignBorn": 138612.1107879581,
  "sForeignBorn": 0.7742763482317273,
  "Access": 0.98,
  "LE": 89.7883147682129,
  "WLB": 0.8,
  "GDPpc": 183919.3642783389,
  "Income": 255394.6322279949,
  "Salary": 11859.35616193704,
  "BusinessFormation": 5174.687335345123,
  "B": 22932.908140109703,
  "HPrice": 6436.992797695788,
  "HPrice_prev": 6239.504890810899,
  "Afford": 30.24492445220719,
  "GDPpc_prev": 178276.70810720534,
  "GDPpc_prev2": 172634.0519360718,
  "NatCov": 0.8602350427350428,
  "CO2pc": 15.950261160563546,
  "CO2_total": 2855439.62712292,
  "Ren": 0.98,
  "AQI": 14.0,
  "Water": 106372.98887469164,
  "Temp": 11.761549599718238,
  "Tour": 17159791.344430942,
  "GDP": 32925519881.397945,
  "Marriages": 1493,
  "Divorces": 202,
  "FamilyStability": 0.13529805760214333,
  "Emp": 0.98,
  "Divorces_annual_avg": 98.2,
  "ElectricityPerCapita_kWh_year": 3000.0,
  "ElectricityDemand_kWh_year": 537064490.3638743,
  "ElectricityCapacity_kW": 122617.46355339597,
  "ElectricityRenewable_kW": 85832.22448737717,
  "ElectricityFossil_kW": 36785.239066018796,
  "WaterPerCapita_L_day": 150,
  "WaterHousehold_m3_year": 9801426.949140707,
  "WaterTotal_m3_year": 81678557.90950589,
  "WaterSecurityIndex": 0.12243115275222291,
  "HospitalBaselineBeds": 217.7425,
  "HospitalRequiredBeds": 447.55374196989527,
  "HospitalDeltaBeds": 229.81124196989526,
  "SchoolStudents": 23142.04889187481,
  "SchoolClassrooms": 925.6819556749923,
  "SchoolSchools": 46.284097783749615,
  "RoadTotalLength_km": 269,
  "RoadPerCapita_m": 1.5026128416221258,
  "Year": 2049
}