{
  "gTFP": 0.008646573322526614,
  "GDPpc_gamma2": 0.06508236635380313,
  "Income_a1": 1.3861728523576622,
  "rmse": 0.01773564188551909,
  "success": true,
  "calibrated": true
}