{
  "Overgrowth": {
    "start": {
      "Pop": 87097.0,
      "LE": 84.5,
      "ForeignBorn": 47627.0,
      "WLB": 0.625,
      "Marriages": 438.0,
      "Divorces_annual_avg": 98.2,
      "Divorces": 98,
      "FamilyStability": 0.0296803653,
      "Access": 0.922,
      "GDPpc": 42852.96,
      "HPrice": 1332.7339999201201,
      "Income": 55533.600000000006,
      "Afford": 28.79843554,
      "Tour": 9646656.0,
      "Salary": 2571.0,
      "Emp": 0.9852,
      "BusinessFormation": 1450.0,
      "B": 10645.0,
      "NatCov": 0.9307,
      "CO2pc": 5.396,
      "CO2_total": 469995.412,
      "Ren": 0.9309999999999999,
      "AQI": 8.4,
      "Water": 53655.0,
      "Temp": 7.46,
      "SchoolStudents": 11259,
      "SchoolClassrooms": 450.4,
      "SchoolSchools": 22.52,
      "Year": 2024,
      "Beds": 2000,
      "PriceIdx": 1.0,
      "GlobalTravel": 1.0,
      "LaborShare": 0.55,
      "Rate": 0.03,
      "TourHomeDemand": 0.0,
      "GDP": 3732364257.12,
      "ElectricityPerCapita_kWh_year": 3000.0,
      "ElectricityDemand_kWh_year": 261291000.0,
      "ElectricityCapacity_kW": 59655.479452054795,
      "ElectricityRenewable_kW": 52496.82191780822,
      "ElectricityFossil_kW": 7158.657534246575,
      "WaterPerCapita_L_day": 150,
      "WaterHousehold_m3_year": 4768560.75,
      "WaterTotal_m3_year": 39738006.25,
      "WaterSecurityIndex": 0.25164825676174934,
      "HospitalBaselineBeds": 217.7425,
      "HospitalRequiredBeds": 217.7425,
      "HospitalDeltaBeds": 0.0,
      "RoadTotalLength_km": 269,
      "RoadPerCapita_m": 3.0885105112690447
    },
    "final": {
      "Pop": 179021.4967879581,
      "ForeignBorn": 138612.1107879581,
      "sForeignBorn": 0.7742763482317273,
      "Access": 0.98,
      "LE": 89.7883147682129,
      "WLB": 0.8,
      "GDPpc": 183919.3642783389,
      "Income": 255394.6322279949,
      "Salary": 11859.35616193704,
      "BusinessFormation": 5174.687335345123,
      "B": 22932.908140109703,
      "HPrice": 6436.992797695788,
      "HPrice_prev": 6239.504890810899,
      "Afford": 30.24492445220719,
      "GDPpc_prev": 178276.70810720534,
      "GDPpc_prev2": 172634.0519360718,
      "NatCov": 0.8602350427350428,
      "CO2pc": 15.950261160563546,
      "CO2_total": 2855439.62712292,
      "Ren": 0.98,
      "AQI": 14.0,
      "Water": 106372.98887469164,
      "Temp": 11.761549599718238,
      "Tour": 17159791.344430942,
      "GDP": 32925519881.397945,
      "Marriages": 1493,
      "Divorces": 202,
      "FamilyStability": 0.13529805760214333,
      "Emp": 0.98,
      "Divorces_annual_avg": 98.2,
      "ElectricityPerCapita_kWh_year": 3000.0,
      "ElectricityDemand_kWh_year": 537064490.3638743,
      "ElectricityCapacity_kW": 122617.46355339597,
      "ElectricityRenewable_kW": 85832.22448737717,
      "ElectricityFossil_kW": 36785.239066018796,
      "WaterPerCapita_L_day": 150,
      "WaterHousehold_m3_year": 9801426.949140707,
      "WaterTotal_m3_year": 81678557.90950589,
      "WaterSecurityIndex": 0.12243115275222291,
      "HospitalBaselineBeds": 217.7425,
      "HospitalRequiredBeds": 447.55374196989527,
      "HospitalDeltaBeds": 229.81124196989526,
      "SchoolStudents": 23142.04889187481,
      "SchoolClassrooms": 925.6819556749923,
      "SchoolSchools": 46.284097783749615,
      "RoadTotalLength_km": 269,
      "RoadPerCapita_m": 1.5026128416221258,
      "Year": 2049
    }
  },
  "Degrowth": {
    "start": {
      "Pop": 87097.0,
      "LE": 84.5,
      "ForeignBorn": 47627.0,
      "WLB": 0.625,
      "Marriages": 438.0,
      "Divorces_annual_avg": 98.2,
      "Divorces": 98,
      "FamilyStability": 0.0296803653,
      "Access": 0.922,
      "GDPpc": 42852.96,
      "HPrice": 1332.7339999201201,
      "Income": 55533.600000000006,
      "Afford": 28.79843554,
      "Tour": 9646656.0,
      "Salary": 2571.0,
      "Emp": 0.9852,
      "BusinessFormation": 1450.0,
      "B": 10645.0,
      "NatCov": 0.9307,
      "CO2pc": 5.396,
      "CO2_total": 469995.412,
      "Ren": 0.9309999999999999,
      "AQI": 8.4,
      "Water": 53655.0,
      "Temp": 7.46,
      "SchoolStudents": 11259,
      "SchoolClassrooms": 450.4,
      "SchoolSchools": 22.52,
      "Year": 2024,
      "Beds": 2000,
      "PriceIdx": 1.0,
      "GlobalTravel": 1.0,
      "LaborShare": 0.55,
      "Rate": 0.03,
      "TourHomeDemand": 0.0,
      "GDP": 3732364257.12,
      "ElectricityPerCapita_kWh_year": 3000.0,
      "ElectricityDemand_kWh_year": 261291000.0,
      "ElectricityCapacity_kW": 59655.479452054795,
      "ElectricityRenewable_kW": 52496.82191780822,
      "ElectricityFossil_kW": 7158.657534246575,
      "WaterPerCapita_L_day": 150,
      "WaterHousehold_m3_year": 4768560.75,
      "WaterTotal_m3_year": 39738006.25,
      "WaterSecurityIndex": 0.25164825676174934,
      "HospitalBaselineBeds": 217.7425,
      "HospitalRequiredBeds": 217.7425,
      "HospitalDeltaBeds": 0.0,
      "RoadTotalLength_km": 269,
      "RoadPerCapita_m": 3.0885105112690447
    },
    "final": {
      "Pop": 73171.90564315725,
      "ForeignBorn": 32762.519643157248,
      "sForeignBorn": 0.44774725156035444,
      "Access": 0.9115784721201307,
      "LE": 84.05067899699822,
      "WLB": 0.7611381859376825,
      "GDPpc": 29368.826115602093,
      "Income": 40686.774406167875,
      "Salary": 1883.7976550055728,
      "BusinessFormation": 1123.0507811091818,
      "B": 8794.706583740577,
      "HPrice": 1014.4422089990294,
      "HPrice_prev": 1033.0729450733634,
      "Afford": 29.919566457799498,
      "GDPpc_prev": 29908.19147097801,
      "GDPpc_prev2": 30447.556826353924,
      "NatCov": 0.9427419010209757,
      "CO2pc": 3.8697969956589153,
      "CO2_total": 283160.42062452756,
      "Ren": 0.9137106473424058,
      "AQI": 7.0,
      "Water": 32039.553547723874,
      "Temp": 7.000151057870528,
      "Tour": 8184773.024472299,
      "GDP": 2148972973.381129,
      "Marriages": 345,
      "Divorces": 82,
      "FamilyStability": 0.23768115942028986,
      "Emp": 0.98,
      "Divorces_annual_avg": 98.2,
      "ElectricityPerCapita_kWh_year": 3000.0,
      "ElectricityDemand_kWh_year": 219515716.92947176,
      "ElectricityCapacity_kW": 50117.7435912036,
      "ElectricityRenewable_kW": 44103.61436025917,
      "ElectricityFossil_kW": 6014.129230944432,
      "WaterPerCapita_L_day": 150,
      "WaterHousehold_m3_year": 4006161.8339628596,
      "WaterTotal_m3_year": 33384681.9496905,
      "WaterSecurityIndex": 0.29953857326152267,
      "HospitalBaselineBeds": 217.7425,
      "HospitalRequiredBeds": 182.92976410789313,
      "HospitalDeltaBeds": -34.81273589210687,
      "SchoolStudents": 9458.90771939685,
      "SchoolClassrooms": 378.35630877587397,
      "SchoolSchools": 18.9178154387937,
      "RoadTotalLength_km": 269,
      "RoadPerCapita_m": 3.676274351960325,
      "Year": 2049
    }
  },
  "Continuity": {
    "start": {
      "Pop": 87097.0,
      "LE": 84.5,
      "ForeignBorn": 47627.0,
      "WLB": 0.625,
      "Marriages": 438.0,
      "Divorces_annual_avg": 98.2,
      "Divorces": 98,
      "FamilyStability": 0.0296803653,
      "Access": 0.922,
      "GDPpc": 42852.96,
      "HPrice": 1332.7339999201201,
      "Income": 55533.600000000006,
      "Afford": 28.79843554,
      "Tour": 9646656.0,
      "Salary": 2571.0,
      "Emp": 0.9852,
      "BusinessFormation": 1450.0,
      "B": 10645.0,
      "NatCov": 0.9307,
      "CO2pc": 5.396,
      "CO2_total": 469995.412,
      "Ren": 0.9309999999999999,
      "AQI": 8.4,
      "Water": 53655.0,
      "Temp": 7.46,
      "SchoolStudents": 11259,
      "SchoolClassrooms": 450.4,
      "SchoolSchools": 22.52,
      "Year": 2024,
      "Beds": 2000,
      "PriceIdx": 1.0,
      "GlobalTravel": 1.0,
      "LaborShare": 0.55,
      "Rate": 0.03,
      "TourHomeDemand": 0.0,
      "GDP": 3732364257.12,
      "ElectricityPerCapita_kWh_year": 3000.0,
      "ElectricityDemand_kWh_year": 261291000.0,
      "ElectricityCapacity_kW": 59655.479452054795,