{
  "Pop": 150000.0,
  "ForeignBorn": 92903.0,
  "sForeignBorn": 0.6193533333333333,
  "Access": 0.9135814939117893,
  "LE": 84.26058794351937,
  "WLB": 0.6179984715178065,
  "GDPpc": 47988.12826648337,
  "Income": 59243.743751387046,
  "Salary": 32955.81355530283,
  "BusinessFormation": 2530.3801966879905,
  "B": 16666,
  "HPrice": 17805.542856519376,
  "Afford": 30.054722623943736,
  "NatCov": 0.896509412638445,
  "CO2pc": 4.5077861937202846,
  "CO2_total": 676167.9290580427,
  "Ren": 0.9537222992884613,
  "AQI": 12.0,
  "Water": 63201.68188760816,
  "Temp": 8.000091238609773,
  "Tour": 8000000.0,
  "GDP": 7198219239.972506,
  "Marriages": 764,
  "Divorces": 11,
  "FamilyStability": 0.07338552783491299,
  "Emp": 0.98,
  "Year": 2034
}