{
  "Pop": 109775.0,
  "ForeignBorn": 52678.0,
  "sForeignBorn": 0.47987246640856296,
  "Access": 0.9294592775452751,
  "LE": 85.08298075656607,
  "WLB": 0.619420359791124,
  "GDPpc": 49387.80457879309,
  "Income": 60971.71414274901,
  "Salary": 2826.4200237298096,
  "BusinessFormation": 1958.181560013995,
  "B": 13992.726172133785,
  "HPrice": 18324.86457760101,
  "HPrice_prev": 18189.099529321706,
  "Afford": 30.05469804358497,
  "NatCov": 0.9131095973632828,
  "CO2pc": 5.488216408334353,
  "CO2_total": 602468.9562249037,
  "Ren": 0.9569882106838506,
  "AQI": 9.034999088354457,
  "Water": 57853.4383276825,
  "Temp": 7.891546817363509,
  "Tour": 12158417.194622088,
  "GDP": 5421546247.637012,
  "Marriages": 563,
  "Divorces": 16,
  "FamilyStability": 0.037564819564771194,
  "Emp": 0.98,
  "ElectricityPerCapita_kWh_year": 3000.0,
  "ElectricityDemand_kWh_year": 329325000.0,
  "ElectricityCapacity_kW": 75188.35616438356,
  "ElectricityRenewable_kW": 37594.17808219178,
  "ElectricityFossil_kW": 37594.17808219178,
  "WaterPerCapita_L_day": 150,
  "WaterHousehold_m3_year": 6010181.25,
  "WaterTotal_m3_year": 50084843.75,
  "WaterSecurityIndex": 0.19966119990141729,
  "HospitalBaselineBeds": 217.7425,
  "HospitalRequiredBeds": 274.4375,
  "HospitalDeltaBeds": 56.69499999999999,
  "SchoolStudents": 14190.577459613993,
  "SchoolClassrooms": 567.6230983845597,
  "SchoolSchools": 28.381154919227985,
  "RoadTotalLength_km": 269,
  "RoadPerCapita_m": 2.4504668640400817,
  "Year": 2035
}