{
  "Pop": 50000.0,
  "ForeignBorn": 0.0,
  "sForeignBorn": 0.0,
  "Access": 0.9211956641064354,
  "LE": 84.53853747853732,
  "WLB": 0.6739590687159543,
  "GDPpc": 43617.093267089724,
  "Income": 53806.046254281886,
  "Salary": 29905.400508129875,
  "BusinessFormation": 785.6688143035418,
  "B": 10645.0,
  "HPrice": 16120.004061682852,
  "Afford": 29.959465866533574,
  "NatCov": 0.9338979177688855,
  "CO2pc": 5.869291147393988,
  "CO2_total": 293464.5573696994,
  "Ren": 0.9435232176232095,
  "AQI": 12.0,
  "Water": 32373.74708706725,
  "Temp": 7.415249577270618,
  "Tour": 4000000.0,
  "GDP": 2180854663.354486,
  "Marriages": 250,
  "Divorces": 4,
  "FamilyStability": 0.08124053320933639,
  "Emp": 0.915737911835683,
  "Year": 2034
}