{
  "Pop": 50000.0,
  "ForeignBorn": 0.0,
  "sForeignBorn": 0.0,
  "Access": 0.9244301840561538,
  "LE": 84.72658585009434,
  "WLB": 0.6680881712996292,
  "GDPpc": 44460.17891844898,
  "Income": 54846.07671379867,
  "Salary": 2540.287453127442,
  "BusinessFormation": 804.7896263302839,
  "B": 9530.875716584038,
  "HPrice": 16431.624126879255,
  "HPrice_prev": 16475.435516463054,
  "Afford": 29.959525113571594,
  "NatCov": 0.9408162770923278,
  "CO2pc": 5.994298856491666,
  "CO2_total": 299714.94282458327,
  "Ren": 0.9454904174763811,
  "AQI": 7.499058787929236,
  "Water": 33343.59297739852,
  "Temp": 7.438915171353036,
  "Tour": 5537880.753642491,
  "GDP": 2223008945.922449,
  "Marriages": 251,
  "Divorces": 7,
  "FamilyStability": 0.043114293092581774,
  "Emp": 0.9214418175614256,
  "ElectricityPerCapita_kWh_year": 3000.0,
  "ElectricityDemand_kWh_year": 150000000.0,
  "ElectricityCapacity_kW": 34246.57534246575,
  "ElectricityRenewable_kW": 17123.287671232876,
  "ElectricityFossil_kW": 17123.287671232876,
  "WaterPerCapita_L_day": 150,
  "WaterHousehold_m3_year": 2737500.0,
  "WaterTotal_m3_year": 22812500.0,
  "WaterSecurityIndex": 0.4383561643835616,
  "HospitalBaselineBeds": 217.7425,
  "HospitalRequiredBeds": 125.0,
  "HospitalDeltaBeds": -92.7425,
  "SchoolStudents": 6463.483242821222,
  "SchoolClassrooms": 258.5393297128489,
  "SchoolSchools": 12.926966485642444,
  "RoadTotalLength_km": 269,
  "RoadPerCapita_m": 5.38,
  "Year": 2035
}