{
  "Pop": 200000.0,
  "ForeignBorn": 142903.0,
  "sForeignBorn": 0.714515,
  "Access": 0.9145741038952288,
  "LE": 84.28707293465224,
  "WLB": 0.5569908060731329,
  "GDPpc": 51656.92374607235,
  "Income": 63822.129288272394,
  "Salary": 35532.97048124566,
  "BusinessFormation": 3719.4740926839418,
  "B": 24444,
  "HPrice": 19242.191649814125,
  "Afford": 30.149717448160985,
  "NatCov": 0.8602350427350428,
  "CO2pc": 3.818701260700607,
  "CO2_total": 763740.2521401213,
  "Ren": 0.9622828220741689,
  "AQI": 12.0,
  "Water": 88147.44221794528,
  "Temp": 8.325172567100866,
  "Tour": 15000000.0,
  "GDP": 10331384749.21447,
  "Marriages": 1036,
  "Divorces": 15,
  "FamilyStability": 0.06980201701731295,
  "Emp": 0.98,
  "Year": 2034
}