{
  "Pop": 200000.0,
  "ForeignBorn": 142903.0,
  "sForeignBorn": 0.714515,
  "Access": 0.9250819847724117,
  "LE": 84.81022811966275,
  "WLB": 0.5167870463072661,
  "GDPpc": 53111.641374626175,
  "Income": 65619.43291835065,
  "Salary": 3044.468273107644,
  "BusinessFormation": 4038.64972807586,
  "B": 24275.91170326256,
  "HPrice": 19784.079728025743,
  "HPrice_prev": 19551.227615109477,
  "Afford": 30.149726762562544,
  "NatCov": 0.8602350427350428,
  "CO2pc": 3.9610340251930074,
  "CO2_total": 792206.8050386015,
  "Ren": 0.9656771632074611,
  "AQI": 11.584634558141143,
  "Water": 93666.49691923051,
  "Temp": 8.367872396448586,
  "Tour": 22151523.014569964,
  "GDP": 10622328274.925236,
  "Marriages": 1042,
  "Divorces": 30,
  "FamilyStability": 0.023581269486573166,
  "Emp": 0.98,
  "ElectricityPerCapita_kWh_year": 3000.0,
  "ElectricityDemand_kWh_year": 600000000.0,
  "ElectricityCapacity_kW": 136986.301369863,
  "ElectricityRenewable_kW": 82191.7808219178,
  "ElectricityFossil_kW": 54794.520547945205,
  "WaterPerCapita_L_day": 150,
  "WaterHousehold_m3_year": 10950000.0,
  "WaterTotal_m3_year": 91250000.0,
  "WaterSecurityIndex": 0.1095890410958904,
  "HospitalBaselineBeds": 217.7425,
  "HospitalRequiredBeds": 500.0,
  "HospitalDeltaBeds": 282.2575,
  "SchoolStudents": 25853.93297128489,
  "SchoolClassrooms": 1034.1573188513955,
  "SchoolSchools": 51.707865942569775,
  "RoadTotalLength_km": 269,
  "RoadPerCapita_m": 1.345,
  "Year": 2035
}