{
  "Overgrowth": {
    "start": {
      "Pop": 87097.0,
      "LE": 84.5,
      "Marriages": 438.0,
      "Divorces": 13.0,
      "FamilyStability": 0.0296803653,
      "Afford": 28.79843554,
      "Salary": 30852.0,
      "BusinessFormation": 1450.0,
      "B": 10645.0,
      "NatCov": 0.9307,
      "AQI": 6015.0,
      "Water": 53655.0,
      "Temp": 7.46,
      "Year": 2024,
      "GDPpc": 45000,
      "Emp": 0.95,
      "HPrice": 15992.808,
      "Tour": 8000000,
      "ForeignBorn": 30000,
      "WLB": 0.6,
      "Access": 0.922,
      "Income": 55533.6,
      "CO2pc": 5.396,
      "CO2_total": 470000,
      "Ren": 0.931,
      "Beds": 2000,
      "PriceIdx": 1.0,
      "GlobalTravel": 1.0,
      "LaborShare": 0.55,
      "Rate": 0.03,
      "TourHomeDemand": 0.0,
      "GDP": 3919365000
    },
    "final": {
      "Pop": 200000.0,
      "ForeignBorn": 142903.0,
      "sForeignBorn": 0.714515,
      "Access": 0.9145741038952288,
      "LE": 84.28707293465224,
      "WLB": 0.5569908060731329,
      "GDPpc": 51656.92374607235,
      "Income": 63822.129288272394,
      "Salary": 35532.97048124566,
      "BusinessFormation": 3719.4740926839418,
      "B": 24444,
      "HPrice": 19242.191649814125,
      "Afford": 30.149717448160985,
      "NatCov": 0.8602350427350428,
      "CO2pc": 3.818701260700607,
      "CO2_total": 763740.2521401213,
      "Ren": 0.9622828220741689,
      "AQI": 12.0,
      "Water": 88147.44221794528,
      "Temp": 8.325172567100866,
      "Tour": 15000000.0,
      "GDP": 10331384749.21447,
      "Marriages": 1036,
      "Divorces": 15,
      "FamilyStability": 0.06980201701731295,
      "Emp": 0.98,
      "Year": 2034
    }
  },
  "Degrowth": {
    "start": {
      "Pop": 87097.0,
      "LE": 84.5,
      "Marriages": 438.0,
      "Divorces": 13.0,
      "FamilyStability": 0.0296803653,
      "Afford": 28.79843554,
      "Salary": 30852.0,
      "BusinessFormation": 1450.0,
      "B": 10645.0,
      "NatCov": 0.9307,
      "AQI": 6015.0,
      "Water": 53655.0,
      "Temp": 7.46,
      "Year": 2024,
      "GDPpc": 45000,
      "Emp": 0.95,
      "HPrice": 15992.808,
      "Tour": 8000000,
      "ForeignBorn": 30000,
      "WLB": 0.6,
      "Access": 0.922,
      "Income": 55533.6,
      "CO2pc": 5.396,
      "CO2_total": 470000,
      "Ren": 0.931,
      "Beds": 2000,
      "PriceIdx": 1.0,
      "GlobalTravel": 1.0,
      "LaborShare": 0.55,
      "Rate": 0.03,
      "TourHomeDemand": 0.0,
      "GDP": 3919365000
    },
    "final": {
      "Pop": 50000.0,
      "ForeignBorn": 0.0,
      "sForeignBorn": 0.0,
      "Access": 0.9211956641064354,
      "LE": 84.53853747853732,
      "WLB": 0.6739590687159543,
      "GDPpc": 43617.093267089724,
      "Income": 53806.046254281886,
      "Salary": 29905.400508129875,
      "BusinessFormation": 785.6688143035418,
      "B": 10645.0,
      "HPrice": 16120.004061682852,
      "Afford": 29.959465866533574,
      "NatCov": 0.9338979177688855,
      "CO2pc": 5.869291147393988,
      "CO2_total": 293464.5573696994,
      "Ren": 0.9435232176232095,
      "AQI": 12.0,
      "Water": 32373.74708706725,
      "Temp": 7.415249577270618,
      "Tour": 4000000.0,
      "GDP": 2180854663.354486,
      "Marriages": 250,
      "Divorces": 4,
      "FamilyStability": 0.08124053320933639,
      "Emp": 0.915737911835683,
      "Year": 2034
    }
  },
  "Continuity": {
    "start": {
      "Pop": 87097.0,
      "LE": 84.5,
      "Marriages": 438.0,
      "Divorces": 13.0,
      "FamilyStability": 0.0296803653,
      "Afford": 28.79843554,
      "Salary": 30852.0,
      "BusinessFormation": 1450.0,
      "B": 10645.0,
      "NatCov": 0.9307,
      "AQI": 6015.0,
      "Water": 53655.0,
      "Temp": 7.46,
      "Year": 2024,
      "GDPpc": 45000,
      "Emp": 0.95,
      "HPrice": 15992.808,
      "Tour": 8000000,
      "ForeignBorn": 30000,
      "WLB": 0.6,
      "Access": 0.922,
      "Income": 55533.6,
      "CO2pc": 5.396,
      "CO2_total": 470000,
      "Ren": 0.931,
      "Beds": 2000,
      "PriceIdx": 1.0,
      "GlobalTravel": 1.0,
      "LaborShare": 0.55,
      "Rate": 0.03,
      "TourHomeDemand": 0.0,
      "GDP": 3919365000
    },
    "final": {
      "Pop": 150000.0,
      "ForeignBorn": 92903.0,
      "sForeignBorn": 0.6193533333333333,
      "Access": 0.9135814939117893,
      "LE": 84.26058794351937,
      "WLB": 0.6179984715178065,
      "GDPpc": 47988.12826648337,
      "Income": 59243.743751387046,
      "Salary": 32955.81355530283,
      "BusinessFormation": 2530.3801966879905,
      "B": 16666,
      "HPrice": 17805.542856519376,
      "Afford": 30.054722623943736,
      "NatCov": 0.896509412638445,
      "CO2pc": 4.5077861937202846,
      "CO2_total": 676167.9290580427,
      "Ren": 0.9537222992884613,
      "AQI": 12.0,
      "Water": 63201.68188760816,
      "Temp": 8.000091238609773,
      "Tour": 8000000.0,
      "GDP": 7198219239.972506,
      "Marriages": 764,
      "Divorces": 11,
      "FamilyStability": 0.07338552783491299,
      "Emp": 0.98,
      "Year": 2034
    }
  }
}