{
  "Overgrowth": {
    "start": {
      "Pop": 87097.0,
      "LE": 84.5,
      "Marriages": 438.0,
      "Divorces": 13.0,
      "FamilyStability": 0.0296803653,
      "Afford": 28.79843554,
      "Tour": 9646656.0,
      "Salary": 2571.0,
      "BusinessFormation": 1450.0,
      "B": 10645.0,
      "NatCov": 0.9307,
      "AQI": 8.4,
      "Water": 53655.0,
      "Temp": 7.46,
      "SchoolStudents": 11259,
      "SchoolClassrooms": 450.4,
      "SchoolSchools": 22.52,
      "Year": 2024,
      "GDPpc": 45000,
      "Emp": 0.95,
      "HPrice": 15992.808,
      "ForeignBorn": 30000,
      "WLB": 0.6,
      "Access": 0.922,
      "Income": 55533.6,
      "CO2pc": 5.396,
      "CO2_total": 470000,
      "Ren": 0.931,
      "Beds": 2000,
      "PriceIdx": 1.0,
      "GlobalTravel": 1.0,
      "LaborShare": 0.55,
      "Rate": 0.03,
      "TourHomeDemand": 0.0,
      "GDP": 3919365000,
      "ElectricityPerCapita_kWh_year": 3000.0,
      "ElectricityDemand_kWh_year": 261291000.0,
      "ElectricityCapacity_kW": 59655.479452054795,
      "ElectricityRenewable_kW": 29827.739726027397,
      "ElectricityFossil_kW": 29827.739726027397,
      "WaterPerCapita_L_day": 150,
      "WaterHousehold_m3_year": 4768560.75,
      "WaterTotal_m3_year": 39738006.25,
      "WaterSecurityIndex": 0.25164825676174934,
      "HospitalBaselineBeds": 217.7425,
      "HospitalRequiredBeds": 217.7425,
      "HospitalDeltaBeds": 0.0,
      "RoadTotalLength_km": 269,
      "RoadPerCapita_m": 3.0885105112690447
    },
    "final": {
      "Pop": 200000.0,
      "ForeignBorn": 142903.0,
      "sForeignBorn": 0.714515,
      "Access": 0.9250819847724117,
      "LE": 84.81022811966275,
      "WLB": 0.5167870463072661,
      "GDPpc": 53111.641374626175,
      "Income": 65619.43291835065,
      "Salary": 3044.468273107644,
      "BusinessFormation": 4038.64972807586,
      "B": 24275.91170326256,
      "HPrice": 19784.079728025743,
      "HPrice_prev": 19551.227615109477,
      "Afford": 30.149726762562544,
      "NatCov": 0.8602350427350428,
      "CO2pc": 3.9610340251930074,
      "CO2_total": 792206.8050386015,
      "Ren": 0.9656771632074611,
      "AQI": 11.584634558141143,
      "Water": 93666.49691923051,
      "Temp": 8.367872396448586,
      "Tour": 22151523.014569964,
      "GDP": 10622328274.925236,
      "Marriages": 1042,
      "Divorces": 30,
      "FamilyStability": 0.023581269486573166,
      "Emp": 0.98,
      "ElectricityPerCapita_kWh_year": 3000.0,
      "ElectricityDemand_kWh_year": 600000000.0,
      "ElectricityCapacity_kW": 136986.301369863,
      "ElectricityRenewable_kW": 82191.7808219178,
      "ElectricityFossil_kW": 54794.520547945205,
      "WaterPerCapita_L_day": 150,
      "WaterHousehold_m3_year": 10950000.0,
      "WaterTotal_m3_year": 91250000.0,
      "WaterSecurityIndex": 0.1095890410958904,
      "HospitalBaselineBeds": 217.7425,
      "HospitalRequiredBeds": 500.0,
      "HospitalDeltaBeds": 282.2575,
      "SchoolStudents": 25853.93297128489,
      "SchoolClassrooms": 1034.1573188513955,
      "SchoolSchools": 51.707865942569775,
      "RoadTotalLength_km": 269,
      "RoadPerCapita_m": 1.345,
      "Year": 2035
    }
  },
  "Degrowth": {
    "start": {
      "Pop": 87097.0,
      "LE": 84.5,
      "Marriages": 438.0,
      "Divorces": 13.0,
      "FamilyStability": 0.0296803653,
      "Afford": 28.79843554,
      "Tour": 9646656.0,
      "Salary": 2571.0,
      "BusinessFormation": 1450.0,
      "B": 10645.0,
      "NatCov": 0.9307,
      "AQI": 8.4,
      "Water": 53655.0,
      "Temp": 7.46,
      "SchoolStudents": 11259,
      "SchoolClassrooms": 450.4,
      "SchoolSchools": 22.52,
      "Year": 2024,
      "GDPpc": 45000,
      "Emp": 0.95,
      "HPrice": 15992.808,
      "ForeignBorn": 30000,
      "WLB": 0.6,
      "Access": 0.922,
      "Income": 55533.6,
      "CO2pc": 5.396,
      "CO2_total": 470000,
      "Ren": 0.931,
      "Beds": 2000,
      "PriceIdx": 1.0,
      "GlobalTravel": 1.0,
      "LaborShare": 0.55,
      "Rate": 0.03,
      "TourHomeDemand": 0.0,
      "GDP": 3919365000,
      "ElectricityPerCapita_kWh_year": 3000.0,
      "ElectricityDemand_kWh_year": 261291000.0,
      "ElectricityCapacity_kW": 59655.479452054795,
      "ElectricityRenewable_kW": 29827.739726027397,
      "ElectricityFossil_kW": 29827.739726027397,
      "WaterPerCapita_L_day": 150,
      "WaterHousehold_m3_year": 4768560.75,
      "WaterTotal_m3_year": 39738006.25,
      "WaterSecurityIndex": 0.25164825676174934,
      "HospitalBaselineBeds": 217.7425,
      "HospitalRequiredBeds": 217.7425,
      "HospitalDeltaBeds": 0.0,
      "RoadTotalLength_km": 269,
      "RoadPerCapita_m": 3.0885105112690447
    },
    "final": {
      "Pop": 50000.0,
      "ForeignBorn": 0.0,
      "sForeignBorn": 0.0,
      "Access": 0.9244301840561538,
      "LE": 84.72658585009434,
      "WLB": 0.6680881712996292,
      "GDPpc": 44460.17891844898,
      "Income": 54846.07671379867,
      "Salary": 2540.287453127442,
      "BusinessFormation": 804.7896263302839,
      "B": 9530.875716584038,
      "HPrice": 16431.624126879255,
      "HPrice_prev": 16475.435516463054,
      "Afford": 29.959525113571594,
      "NatCov": 0.9408162770923278,
      "CO2pc": 5.994298856491666,
      "CO2_total": 299714.94282458327,
      "Ren": 0.9454904174763811,
      "AQI": 7.499058787929236,
      "Water": 33343.59297739852,
      "Temp": 7.438915171353036,
      "Tour": 5537880.753642491,
      "GDP": 2223008945.922449,
      "Marriages": 251,
      "Divorces": 7,
      "FamilyStability": 0.043114293092581774,
      "Emp": 0.9214418175614256,
      "ElectricityPerCapita_kWh_year": 3000.0,
      "ElectricityDemand_kWh_year": 150000000.0,
      "ElectricityCapacity_kW": 34246.57534246575,
      "ElectricityRenewable_kW": 17123.287671232876,
      "ElectricityFossil_kW": 17123.287671232876,
      "WaterPerCapita_L_day": 150,
      "WaterHousehold_m3_year": 2737500.0,
      "WaterTotal_m3_year": 22812500.0,
      "WaterSecurityIndex": 0.4383561643835616,
      "HospitalBaselineBeds": 217.7425,
      "HospitalRequiredBeds": 125.0,
      "HospitalDeltaBeds": -92.7425,
      "SchoolStudents": 6463.483242821222,
      "SchoolClassrooms": 258.5393297128489,
      "SchoolSchools": 12.926966485642444,
      "RoadTotalLength_km": 269,
      "RoadPerCapita_m": 5.38,
      "Year": 2035
    }
  },
  "Continuity": {
    "start": {
      "Pop": 87097.0,
      "LE": 84.5,
      "Marriages": 438.0,
      "Divorces": 13.0,
      "FamilyStability": 0.0296803653,
      "Afford": 28.79843554,
      "Tour": 9646656.0,
      "Salary": 2571.0,
      "BusinessFormation": 1450.0,
      "B": 10645.0,
      "NatCov": 0.9307,
      "AQI": 8.4,
      "Water": 53655.0,
      "Temp": 7.46,
      "SchoolStudents": 11259,
      "SchoolClassrooms": 450.4,
      "SchoolSchools": 22.52,
      "Year": 2024,
      "GDPpc": 45000,
      "Emp": 0.95,
      "HPrice": 15992.808,
      "ForeignBorn": 30000,
      "WLB": 0.6,
      "Access": 0.922,
      "Income": 55533.6,
      "CO2pc": 5.396,
      "CO2_total": 470000,
      "Ren": 0.931,
      "Beds": 2000,
      "PriceIdx": 1.0,
      "GlobalTravel": 1.0,
      "LaborShare": 0.55,
      "Rate": 0.03,
      "TourHomeDemand": 0.0,
      "GDP": 3919365000,
      "ElectricityPerCapita_kWh_year": 3000.0,
      "ElectricityDemand_kWh_year": 261291000.0,
      "ElectricityCapacity_kW": 59655.479452054795,
      "ElectricityRenewable_kW": 29827.739726027397,
      "ElectricityFossil_kW": 29827.739726027397,
      "WaterPerCapita_L_day": 150,
      "WaterHousehold_m3_year": 4768560.75,
      "WaterTotal_m3_year": 39738006.25,
      "WaterSecurityIndex": 0.25164825676174934,
      "HospitalBaselineBeds": 217.7425,
      "HospitalRequiredBeds": 217.7425,
      "HospitalDeltaBeds": 0.0,
      "RoadTotalLength_km": 269,
      "RoadPerCapita_m": 3.0885105112690447
    },
    "final": {
      "Pop": 109775.0,
      "ForeignBorn": 52678.0,
      "sForeignBorn": 0.47987246640856296,