{
  "benchmark_B4": {
    "inverted_gdp_driven": {
      "rmse_pct": 9.1142566155531,
      "mape": 7.650710156506993
    },
    "baseline_cagr": {
      "rmse_pct": 4.310455302002563,
      "mape": 3.952651767801394
    },
    "baseline_linear": {
      "rmse_pct": 1.7204507530157491,
      "mape": 1.5226355402868805
    }
  },
  "regime_B4": {
    "observed": {
      "d2010_2013": -324.0,
      "d2015_2024": 15365.0
    },
    "inverted": {
      "d2010_2013": 591.8287999876775,
      "d2015_2024": 5488.962009839437
    }
  },
  "validation_B3": {
    "Pop": {
      "label": "Population",
      "rmse_pct": 9.1142566155531,
      "mape": 7.650710156506993,
      "n": 14
    },
    "Salary": {
      "label": "Avg monthly salary",
      "rmse_pct": 10.481115732232734,
      "mape": 9.746183176489573,
      "n": 14
    },
    "Afford": {
      "label": "Housing affordability (% income)",
      "rmse_pct": 5.709338348184539,
      "mape": 5.1437590022574735,
      "n": 14
    },
    "CO2pc": {
      "label": "CO2 per capita",
      "rmse_pct": 11.865859800038868,
      "mape": 10.807995726956769,
      "n": 14
    },
    "NatCov": {
      "label": "Natural coverage",
      "rmse_pct": 0.25344564044021145,
      "mape": 0.21273794127508297,
      "n": 14
    },
    "LE": {
      "label": "Life expectancy",
      "rmse_pct": 1.0022396407878202,
      "mape": 0.8589588209631519,
      "n": 14
    },
    "WLB": {
      "label": "Work-life balance",
      "rmse_pct": 10.767405031920088,
      "mape": 9.815211342785425,
      "n": 14
    }
  },
  "sensitivity_B2": {
    "base_2049": {
      "Pop": 117665.66825651277,
      "Tour": 12642711.413821246,
      "Afford": 30.089830301367137,
      "CO2_total": 1056499.307564556
    },
    "params": {
      "beta_gdp_lag1": {
        "low": {
          "Pop": -11.980887380978002,
          "Tour": -10.29269904979073,
          "Afford": 4.473727850029406e-06,
          "CO2_total": -7.328707637699723
        },
        "high": {
          "Pop": 13.535395751634397,
          "Tour": 10.203695148300556,
          "Afford": 3.0147946092304367e-06,
          "CO2_total": 6.7162007742395975
        }
      },
      "beta_gdp_lag2": {
        "low": {
          "Pop": -3.4988668545796986,
          "Tour": -2.8875990359406773,
          "Afford": 2.6845460729545365e-07,
          "CO2_total": -2.006362398162497
        },
        "high": {
          "Pop": 3.619182879697601,
          "Tour": 2.8785323425653186,
          "Afford": 2.997847833268631e-07,
          "CO2_total": 1.9587339201963605
        }
      },
      "beta_afford": {
        "low": {
          "Pop": 0.10654176387571809,
          "Tour": 0.08544335563142327,
          "Afford": -1.2056613337203946e-08,
          "CO2_total": 0.05934522219221175
        },
        "high": {
          "Pop": -0.10643312598766921,
          "Tour": -0.08544793923419808,
          "Afford": 1.2597410486939636e-08,
          "CO2_total": -0.05938728904794564
        }
      },
      "afford_threshold": {
        "low": {
          "Pop": -31.071438715061696,
          "Tour": -28.483016324258625,
          "Afford": 4.011288135047618e-05,
          "CO2_total": -21.662369909711842
        },
        "high": {
          "Pop": 0.2131922719093919,
          "Tour": 0.17088193153202544,
          "Afford": -2.357358661308725e-08,
          "CO2_total": 0.11864811674255087
        }
      },
      "tour_exp_B": {
        "low": {
          "Pop": 0.0,
          "Tour": -3.5595882394663194,
          "Afford": 0.0,
          "CO2_total": -0.04650679978049819
        },
        "high": {
          "Pop": 0.0,
          "Tour": 1.9808017622372158,
          "Afford": 0.0,
          "CO2_total": 0.02587960875356773
        }
      },
      "tour_exp_P": {
        "low": {
          "Pop": 0.0,
          "Tour": -1.370301633424882,
          "Afford": 0.0,
          "CO2_total": -0.017903290891336004
        },
        "high": {
          "Pop": 0.0,
          "Tour": 1.077998842881549,
          "Afford": 0.0,
          "CO2_total": 0.014084290928295575
        }
      },
      "tour_friction": {
        "low": {
          "Pop": 0.0,
          "Tour": 1.0333615206627478,
          "Afford": 0.0,
          "CO2_total": 0.013501094539404188
        },
        "high": {
          "Pop": 0.0,
          "Tour": -0.9059673707584938,
          "Afford": 0.0,
          "CO2_total": -0.011836662075787333
        }
      }
    }
  },
  "obs_pop": {
    "2010": 70290.0,
    "2011": 69772.0,
    "2012": 69758.0,
    "2013": 69966.0,
    "2014": 70570.0,
    "2015": 71732.0,
    "2016": 73105.0,
    "2017": 74794.0,
    "2018": 76177.0,
    "2019": 77543.0,
    "2020": 78015.0,
    "2021": 79535.0,
    "2022": 81588.0,
    "2023": 85101.0,
    "2024": 87097.0
  },
  "inverted_pop": {
    "2010": 70290.0,
    "2011": 71802.474029946,
    "2012": 72271.33262191295,
    "2013": 70881.82879998768,
    "2014": 69506.61691474082,
    "2015": 69629.2567255325,
    "2016": 69792.35198988314,
    "2017": 70344.6836410305,
    "2018": 70196.56284055073,
    "2019": 70281.63968440235,
    "2020": 70713.1336941055,
    "2021": 67717.96220592012,
    "2022": 69343.36730340302,
    "2023": 73037.05170477845,
    "2024": 75118.21873537193
  }
}